25;частотный преобразователь danfoss
22;частотный преобразователь 380 купить
22;частотный преобразователь 380 купить
22;частотный преобразователь 380 купить
22;частотный преобразователь 380 купить
20;частотный преобразователь 380 купить
20;частотный преобразователь 380 купить
20;частотный преобразователь 380 купить
20;частотный преобразователь 380 купить
20;частотный преобразователь 380 купить
20;частотный преобразователь 380 купить
20;частотный преобразователь 380 купить
21;частотный преобразователь 380 купить
21;частотный преобразователь 380 купить
21;частотный преобразователь 380 купить
21;частотный преобразователь 380 купить
21;частотный преобразователь 380 купить
1;частотник тошиба
6;частотник тошиба
13;частотник тошиба
1;частотник тошиба
6;частотник тошиба
13;частотник тошиба
2;частотный преобразователь danfoss vlt
4;частотный преобразователь danfoss vlt
2;частотный преобразователь danfoss vlt
4;частотный преобразователь danfoss vlt
3;частотный преобразователь danfoss vlt
2;частотный преобразователь danfoss vlt
4;частотный преобразователь danfoss vlt
3;преобразователь частоты дельта
1;преобразователь частоты дельта
1;преобразователь частоты дельта
1;частотный преобразователь дельта
1;частотник тошиба
23;частотный преобразователь 380 купить
2;частотный преобразователь квт
3;частотник delta
25;преобразователь частоты купить
1;преобразователь частоты toshiba
3;частотный преобразователь danfoss vlt
6;частотник цена
